Row.names,log2FoldChange,padj
P01833,6.694101269626009,1.263603566498003e-38
Q8TDL5,6.560245597439604,2.5140776970131175e-22
ENST00000662649.1,3.50562776496209,3.4542994872472425e-17
Q9HC84,4.792394190219759,5.874830377017727e-16
Q8N292,3.3492947210439885,3.356120843391025e-15
ENST00000658749.1,2.735391126020915,4.1095117889825646e-14
ENST00000368178.3,3.41161766395865,3.497706720871377e-13
P08913,4.358779060402207,3.497706720871377e-13
P11836,4.229543049453504,3.497706720871377e-13
M0QX95,5.725148541324305,1.344388883294644e-12
M0R1M2,4.3597519130814355,1.4195097096475027e-12
P54707,6.174421226705138,1.67265946594742e-12
ENST00000503764.1,4.1136737779509795,1.8017372933266647e-12
V9HWN9,2.6156613166213503,4.424112091611093e-12
ENST00000480310.1,4.911602815129333,5.578114315921275e-12
Q8N456,2.6927189249453685,9.626415133093868e-12
Q7Z6A9,3.31961745579942,1.3955237749338033e-11
Q6ZS81,2.3546140414842744,1.9321889583269154e-11
P56159,4.42233871333045,1.9321889583269154e-11
Q96D96,2.9190027238214897,2.0057073828835963e-11
Q5T2D2,3.4392814926933637,5.492792431482332e-11
Q9BYV9,2.988204578167963,5.950940615426968e-11
ENST00000597110.1,4.088992656036999,6.819059009843548e-11
ENST00000604933.2,2.798439024118092,8.587904843719098e-11
ENST00000434301.1,5.2206541574029135,9.433713293289128e-11
ENST00000532491.5,4.546213544282497,1.1288548087873079e-10
P11912,2.560255287008169,1.4757478368439617e-10
A0A087WZQ4,4.721043550127513,1.9901887813952307e-10
P51826,4.5742140751918035,2.7829077641734717e-10
ENST00000445310.2,4.148058891398355,3.8934173644204696e-10
ENST00000504409.3,3.9266699424843523,4.2608665214341614e-10
ENST00000525389.1,3.8039566657176493,5.063615198326807e-10
ENST00000483600.1,5.164006559814142,6.674528602127504e-10
ENST00000558969.1,4.246612505496684,7.042860526756393e-10
A6NHJ4,2.6704592562983156,7.340826314247682e-10
P12980,2.4446209286395066,1.2965114665523656e-9
ENST00000653438.1,3.6977412655651625,2.248526061810079e-9
ENST00000498090.1,4.689588172228753,4.614367823167638e-9
Q96RJ3,2.5003786857222825,4.711225607496315e-9
ENST00000465304.5,2.659557720473951,4.711225607496315e-9
ENST00000546425.1,3.2113680603294705,7.074898731532284e-9
Q9GZX3,4.994101611449888,7.709524539514036e-9
ENST00000596492.5,3.9785206650488956,7.930568880181006e-9
Q6P9G4,1.9382495611464892,8.398033301648693e-9
ENST00000494068.1,2.4868077382592344,1.3151847323373936e-8
ENST00000604430.1,3.2757199330309565,1.6827613384644907e-8
ENST00000512214.1,2.3794726398807367,1.6975598139062736e-8
Q8WUX9,2.9510242386173786,2.6819729196765966e-8
ENST00000580133.2,4.401944618114221,2.6819729196765966e-8
Q8N7L0,4.290899568499606,3.335778011038233e-8
Q8NFY9,2.046437234104886,3.64762289303007e-8
ENST00000659116.1,2.196697585945994,3.64762289303007e-8
ENST00000590120.1,2.5825287870139495,4.445269658719818e-8
Q9H1P6,6.61514943326141,4.998566047463599e-8
ENST00000672866.1,2.1587256296644157,5.071246197477921e-8
P29017,4.446194430562462,5.245370966234325e-8
Q96LJ8,5.461751041445237,6.041346271920363e-8
A0A5F9ZHH7,4.424002009029362,6.041346271920363e-8
ENST00000520083.1,4.489825674576038,7.809927451896257e-8
ENST00000664118.1,2.5913887576575205,7.908330809154827e-8
ENST00000423256.1,2.979996665233075,8.550902033897599e-8
ENST00000695955.1,3.6010380130953874,8.75369858274244e-8
ENST00000602626.2,3.3790671682061952,9.415705556615528e-8
ENST00000479570.5,8.341773586890858,1.0008137845247211e-7
ENST00000592495.1,2.279709804895509,1.0581759990172694e-7
Q8NGT9,2.2764807963976788,1.0581759990172694e-7
ENST00000548357.2,3.278700810979255,1.1926297252180737e-7
ENST00000473625.1,2.839222774099117,1.3831841595867433e-7
ENST00000438382.2,2.2437563788104526,1.5678819040552334e-7
P0DJI9,4.744912744713569,1.8932183694146984e-7
ENST00000624361.1,2.28313733896315,2.0441656396839448e-7
ENST00000478916.5,1.8523737719943316,2.0441656396839448e-7
Q99467,2.247840009562556,2.0817733449044057e-7
P21439,3.7877865610168526,2.0817733449044057e-7
ENST00000533322.1,4.054076652633943,2.0817733449044057e-7
ENST00000570186.1,4.076046435083842,2.460388497580674e-7
ENST00000602224.5,4.481865258447829,2.9842441598634776e-7
P20023,5.2859525456207965,3.2402779344688745e-7
Q5RHP9,8.172923858990075,3.3648313030484184e-7
ENST00000419499.2,4.1702395483967605,3.7291425948957966e-7
ENST00000492808.5,2.6925024318699027,4.3877454454275475e-7
Q86Y01,3.39855139056486,5.339096419552717e-7
ENST00000509911.3,4.6689585538175,5.826527942881213e-7
Q92752,4.028701087939698,6.98913915899627e-7
Q8N8A2,1.9150819236027596,6.98913915899627e-7
H7C2H2,2.9234612378359546,7.335583302996855e-7
A0A0A0MS09,5.10561575893716,7.692296277690658e-7
ENST00000526097.1,3.443649208811405,8.170094543764857e-7
ENST00000374161.7,2.3525020762578617,8.59695680091276e-7
ENST00000530482.1,3.4950493601020107,8.604119539709401e-7
ENST00000465910.5,2.419513254590178,9.185957136573987e-7
ENST00000489998.5,4.16884106274418,9.717424864838956e-7
O15400,1.862757964207078,9.717424864838956e-7
Q8NHY3,7.041748625948783,1.070384481931395e-6
ENST00000595601.1,3.8487556590165424,1.1264499685022307e-6
P35612,3.3409337917322954,1.1922902627540887e-6
A1Z1Q3,3.31058727489654,1.368868989917384e-6
O14842,4.075936571074139,1.3835820390920133e-6
ENST00000510950.1,4.130619505138201,1.5007293873018324e-6
Q8IU57,1.8812804718115774,1.533247384689769e-6
P00325,6.795592636965805,1.533247384689769e-6
Q9P0X4,2.6371040116132267,1.665711477750902e-6
Q6ZSZ5,3.423073007923604,1.8597687811596912e-6
Q9ULZ2,2.5652399087458497,1.8606620051048006e-6
Q8N126,5.019766979054668,1.9301742435580905e-6
O75635,5.284331872802163,2.078920060406651e-6
ENST00000583260.1,4.320328846436753,2.9275926946125934e-6
ENST00000672226.1,2.6401581542899226,2.9275926946125934e-6
P12645,4.623219320997412,3.0882207854377473e-6
O95841,2.3436132655447524,3.222528710558148e-6
O00602,2.7970478628578554,3.3708960087620697e-6
ENST00000495029.1,2.492566265555212,3.8104289674253254e-6
A0A2R8Y4N2,2.8964987354785072,3.851039777010967e-6
ENST00000514143.1,2.4723833146343424,3.90231949587196e-6
P19397,1.990153576303528,3.920804881770075e-6
A0A0U1RQE8,2.968808011313314,4.080077856399199e-6
H7C3W3,5.551286759578359,4.086558279025873e-6
ENST00000449152.1,1.7628408934496638,4.086558279025873e-6
A0A2R8Y7Y4,1.8559956586048871,4.910681136494172e-6
ENST00000479663.2,2.4651219117559053,5.145587002321736e-6
ENST00000475194.1,5.497923874344758,6.3736889694267875e-6
Q5VT82,3.318807630417678,6.443531954293451e-6
ENST00000485707.1,6.697928204142064,6.9353047753245165e-6
ENST00000504403.1,3.5876416781616642,6.995712488188393e-6
ENST00000532418.1,3.5163639813650716,7.2945005103083375e-6
ENST00000606818.1,1.682083666576137,7.361459847947038e-6
ENST00000461790.1,2.239517416294488,7.3748157605444115e-6
H0Y4W6,1.9463292519207778,7.4292085288843655e-6
ENST00000664890.1,1.718188776055572,8.092416701257597e-6
ENST00000404861.1,3.782206156495902,8.23346227415797e-6
Q1L5Z9,3.175854891752048,8.723061276373748e-6
ENST00000620766.4,3.378697328651947,8.77719623786499e-6
ENST00000556386.1,7.28357851069741,9.057111632988669e-6
A0A1B0GV96,4.921963530062335,9.305106581177496e-6
ENST00000533312.1,3.8674742208641755,9.339308427996821e-6
Q8N614,1.8173674429712474,9.69086862979639e-6
ENST00000543744.1,1.9823544682685752,1.0943131184031957e-5
ENST00000696886.1,1.9837632741690463,1.0943131184031957e-5
S4R2Y1,2.745640306828893,1.1552936139990009e-5
ENST00000702136.1,3.25457721615254,1.1849287738930555e-5
ENST00000697561.1,2.1550705095652596,1.1985124456758724e-5
O75751,2.762471847659056,1.2073476804539894e-5
ENST00000530487.5,3.7616921331342867,1.2532998005833577e-5
ENST00000498872.2,3.256839636937975,1.2680906465997958e-5
ENST00000522582.1,2.0288451694900744,1.4119239823382329e-5
Q6ICP4,2.2200980545084166,1.4804754042999069e-5
ENST00000518425.1,2.2892024078865014,1.524661362221694e-5
H3BPZ3,2.0502278891200754,1.5684862258740504e-5
P04921,1.7839852319631855,1.6040499454993733e-5
ENST00000689099.2,2.668367697542501,1.6040499454993733e-5
ENST00000534503.5,3.8225865350110433,1.6408984137755426e-5
Q6ZVX7,4.192759439310778,1.6831685363005747e-5
ENST00000597852.5,2.0349853038396146,1.781013193777097e-5
ENST00000674361.1,2.3272728392373363,1.8714151338240853e-5
ENST00000505091.1,3.642014401325866,1.880657425088788e-5
Q9Y2T3,5.189863139567276,1.880657425088788e-5
ENST00000416301.5,2.2840144523449433,1.8872032267314514e-5
ENST00000526474.1,1.8272221349873061,1.8970148834329623e-5
Q5TD94,3.518080824112238,2.015849125920563e-5
H0YLH9,2.024053993029336,2.0282200960578944e-5
ENST00000411661.1,2.096262531258108,2.0602790187477588e-5
ENST00000471220.5,2.1594498269246536,2.0723498375045467e-5
Q13342,1.9144086804042357,2.0723498375045467e-5
P51684,2.9871557242097557,2.084952041645529e-5
P50222,2.8369250031696023,2.138985566338855e-5
O60669,1.801763407842674,2.2046361864530347e-5
B8ZZK0,2.0589548512339504,2.2325511659037815e-5
ENST00000410146.1,3.0200325622808752,2.299240691624623e-5
P34972,3.743470441265923,2.325901464426104e-5
ENST00000650922.1,3.102632729680528,2.3575414934990773e-5
ENST00000686471.1,4.294261201246197,2.5890709614678217e-5
ENST00000554129.1,2.2907494805282664,2.6794422597951765e-5
O95992,3.0209544224464713,2.87606704229853e-5
ENST00000651074.1,1.8680252929021846,3.0799805610408455e-5
A0A140TA05,7.021255204433312,3.111439289577569e-5
ENST00000590311.5,2.3599215799407087,3.229315730261226e-5
E9PPV1,3.544312518668503,3.314078977334064e-5
ENST00000668870.1,1.987557485460975,3.314078977334064e-5
ENST00000515694.4,7.404305416627816,3.314078977334064e-5
ENST00000650250.1,2.404503907530223,3.314078977334064e-5
ENST00000480443.1,2.7180990663865003,3.3185728099713525e-5
ENST00000435641.5,2.9781227027785944,3.3185728099713525e-5
H0YJ39,2.408964721395544,3.4667136397493416e-5
ENST00000475127.5,2.849507352247762,3.493968179278396e-5
O75995,1.8504871351620884,3.506739481525705e-5
ENST00000451992.2,2.2033887557430156,3.650866226522166e-5
ENST00000496584.1,4.641906552408285,3.7286858357794166e-5
ENST00000563269.2,2.146119684901351,3.750527283439001e-5
ENST00000695728.1,2.6460367455569935,3.7859298763944416e-5
ENST00000480308.5,1.681227780572127,4.08835084945926e-5
ENST00000657578.1,2.441309322457347,4.45604076407237e-5
ENST00000555897.1,2.2174259890315478,4.522430382218419e-5
Q59ED9,1.9111969897619514,4.634285795440452e-5
Q6JBY9,1.9424733316197538,5.6971224688672453e-5
Q969V4,7.82176369461966,5.704757856498068e-5
Q8NDB2,3.689303125120758,5.797337476772642e-5
ENST00000428191.1,1.7793502793758829,6.001042719442849e-5
Q96PJ5,3.9579247941763027,6.072420770830615e-5
ENST00000412176.1,3.292079669076899,6.268573564758614e-5
ENST00000658234.1,3.428760641998743,6.67627581892261e-5
Q53QE7,1.492612241306979,6.843005016835002e-5
ENST00000697634.1,2.1733625450033744,6.966788661503227e-5
O43653,7.446475142093185,6.966788661503227e-5
P32302,2.9789089457373144,7.830738121431235e-5
ENST00000606385.1,2.4834884554084673,8.380072330094594e-5
ENST00000463828.1,3.0478546477395336,8.417594558965848e-5
O43704,2.840990647256089,8.540040470247784e-5
ENST00000425110.1,7.744076674755335,8.666557232200668e-5
Q9BT23,1.9465288682360224,9.076158061745075e-5
Q12765,1.40024753936163,9.179091610496156e-5
ENST00000549063.1,2.74093099537233,9.280665134820526e-5
Q4G112,2.478484638377605,9.451466761038898e-5
ENST00000607019.1,2.329264477879545,9.82214474223696e-5
ENST00000642778.1,3.279103351208119,9.881008877915534e-5
Q86WI1,2.046211475440407,9.941892903129279e-5
ENST00000667367.1,4.398846444638719,1.1079850693691702e-4
O60749,1.4668019001399686,1.1079850693691702e-4
ENST00000444082.2,3.7993623621752084,1.1254000908410722e-4
O75311,3.4604470890151977,1.1853580671622051e-4
ENST00000414949.2,2.165335654878156,1.3225520770570538e-4
Q9P2G3,3.306571956487337,1.3438039187896843e-4
Q7Z7G1,2.238793981910349,1.379605979215383e-4
ENST00000525556.1,3.619464960358227,1.4126893209048892e-4
ENST00000509655.2,1.9264014152737234,1.4728977041994983e-4
ENST00000658037.1,3.440078183705389,1.484796014732148e-4
Q96SE7,1.5128460271913933,1.4909658132951443e-4
ENST00000402854.2,2.3372930243221086,1.5063133863695943e-4
O60667,3.238567172651928,1.5299417013684091e-4
Q13233,1.2268025954741155,1.5463641538199826e-4
ENST00000553076.1,1.7703117401508126,1.5480524548703385e-4
ENST00000666857.1,3.474199261979126,1.6598974570714774e-4
A6NMK8,1.386394993209415,1.670213881241392e-4
ENST00000629847.1,2.9923469720195137,1.7231106085717276e-4
ENST00000498666.5,1.9710619139034198,1.8161703112401048e-4
ENST00000473426.1,2.190879485046521,1.8458072937357418e-4
ENST00000559342.1,2.1388345838488316,1.8802625372742662e-4
ENST00000612455.1,2.2951340894549785,1.8802625372742662e-4
ENST00000526769.3,1.709432721545573,1.9296354983262189e-4
ENST00000672047.1,4.8770714059698035,1.9296354983262189e-4
Q6UWD8,1.804357938140415,1.943744074214887e-4
O75326,2.18536557422854,2.0232905105614635e-4
ENST00000688864.1,3.6195462634805144,2.0792730201677477e-4
O95977,2.21651579635981,2.1262523771242278e-4
ENST00000502027.1,3.092153983426269,2.1418530954098793e-4
P48736,1.5491202084783655,2.1656647403610636e-4
Q13291,1.8845248758411042,2.1980482591280693e-4
ENST00000472038.1,2.0451650228283644,2.1980482591280693e-4
O00585,3.622610260139255,2.1980482591280693e-4
Q9C0D4,1.3115181486974576,2.261744275666361e-4
ENST00000553398.1,2.5159853010384152,2.4139328233397265e-4
ENST00000696889.1,2.099467173640407,2.4401535160356938e-4
ENST00000549878.1,1.8667869899039813,2.4401535160356938e-4
U3KQS4,1.8946290292249333,2.4401535160356938e-4
ENST00000691393.1,3.545456786260924,2.5736845477345073e-4
ENST00000537616.1,1.5690090230771703,2.645014754226042e-4
ENST00000430438.1,2.4031935978419585,2.719737377874111e-4
ENST00000549436.5,1.954415548603958,2.8170031551466124e-4
O43511,4.977558929821427,2.8222270142104136e-4
Q96M32,4.653924280789126,2.941765800036357e-4
ENST00000529902.2,2.118086979064885,2.971561996329061e-4
ENST00000546678.1,2.095796212379658,2.971561996329061e-4
Q7Z5R6,1.5021413718882461,2.9884525311039425e-4
P01859,3.7851449291500985,3.2002783803108487e-4
ENST00000462410.5,1.7346527174034778,3.224088177563882e-4
P05771,2.4567817776036227,3.3824542460871265e-4
ENST00000414740.2,3.15446936801238,3.604283114762049e-4
ENST00000564646.1,2.395490130709355,3.6763736783045374e-4
O15146,2.7684536129066846,3.683292926241945e-4
P09326,1.8725353683523631,3.762279173525156e-4
ENST00000415675.3,2.853941864309986,3.762709186537237e-4
ENST00000495034.5,2.3776504709299995,3.8312486907294055e-4
Q9BW30,3.9036363856777356,3.8841569845809304e-4
ENST00000529234.5,3.725367997529211,4.043160988032265e-4
ENST00000647254.1,2.8522133060861146,4.1117132997249686e-4
C9JTB0,1.9071681928189523,4.254362391131449e-4
Q14644,1.3113420339097701,4.4987329232493915e-4
ENST00000697633.1,2.0646691251902696,4.506623297015094e-4
ENST00000695954.1,2.765557024775272,4.5455232935559146e-4
H3BRT4,2.124829664854392,4.5976258078528467e-4
ENST00000608517.1,2.3237645156856153,4.683318997347652e-4
Q96LP6,3.4609629790967746,4.7919645002433717e-4
O95395,2.668878673534498,4.953819869741549e-4
ENST00000549060.1,2.244143554327816,4.971181523275906e-4
Q8IYT3,3.3639662512480992,5.0115377608849e-4
ENST00000657332.1,2.84250785196682,5.0115377608849e-4
ENST00000411815.3,3.381439079907134,5.177056235908758e-4
Q92949,5.852104602161972,5.38315017510351e-4
ENST00000481150.1,3.315903719032464,5.409918103524451e-4
Q7Z4P5,2.209630083505822,5.568182191179813e-4
Q96RD9,1.5586906410087606,6.139241545646861e-4
ENST00000435127.1,2.8711279588446916,6.165791903217266e-4
ENST00000602631.1,1.5700206910464667,6.397444007325668e-4
ENST00000555302.1,2.079624977679784,6.440984501342203e-4
ENST00000576957.1,1.7049604050649103,6.475478424148382e-4
ENST00000435932.2,5.05046069685455,6.568487756605468e-4
ENST00000650638.1,2.5943533802591547,6.612625091035817e-4
ENST00000647917.1,2.698171775847312,6.632282550955403e-4
Q96QK8,1.5295379024150468,6.632282550955403e-4
Q9NYP7,1.652422950638591,6.638885336021391e-4
Q9Y271,1.5524093643346981,6.676374909358085e-4
Q6ZS10,3.2747847554738185,6.819412804025751e-4
Q9BSW2,1.6965581472595088,6.844703313746554e-4
O15229,1.9868448027587904,6.87729475622764e-4
P31994,2.7185818992758812,6.886515269158262e-4
ENST00000591222.1,2.081612600430821,6.886515269158262e-4
Q9HAE3,6.068962763060281,6.935783519311813e-4
ENST00000371206.6,1.7995243990970262,6.996896049102713e-4
ENST00000462201.1,1.8236105334280732,7.052658443667642e-4
ENST00000423212.1,2.204247862474906,7.052658443667642e-4
ENST00000695729.1,2.605797649682328,7.138653095472218e-4
ENST00000661375.1,1.7218189185608745,7.15080995796788e-4
ENST00000403909.2,2.8320083645611254,7.289409259319501e-4
P0CG21,2.682491604456967,7.299303287021222e-4
ENST00000695953.1,6.417561951749497,7.299303287021222e-4
Q96NY7,3.013877871222734,7.327144860006198e-4
Q9H714,1.9131886980929143,7.461581266652891e-4
ENST00000561748.2,2.4559561184966965,7.554158799755669e-4
ENST00000462180.1,1.8000196587108996,7.554158799755669e-4
ENST00000494343.5,2.3146999749456203,7.554158799755669e-4
H3BVC2,2.169300006951298,7.705777549783445e-4
Q13519,2.71294913195847,7.705777549783445e-4
Q494V2,4.929766183135137,7.724749580112386e-4
Q96P63,6.889092679574744,7.929485414806483e-4
ENST00000509349.1,2.7306697283438246,8.003134442053404e-4
ENST00000479447.1,1.7952475528245946,8.007668251490229e-4
Q8WXX0,3.5676792714839913,8.048973798394223e-4
ENST00000637768.1,2.0170074267528086,8.051614980715579e-4
ENST00000654074.1,2.4924148246529247,8.084620652192432e-4
P32249,1.554182614316898,8.084620652192432e-4
ENST00000622763.1,3.6439446168521714,8.084620652192432e-4
P80723,1.522911069163921,8.084620652192432e-4
P0DTE7,7.064386330770508,8.687473967736616e-4
ENST00000656724.1,2.3942323138303365,8.846599222730729e-4
ENST00000666473.1,2.256758869819119,8.89392922758738e-4
Q5JSP0,1.3731440043044914,9.08633895110208e-4
O94804,1.2297025311849623,9.13587169501479e-4
ENST00000559358.1,3.502576438370449,9.301223689019712e-4
O15327,1.2416454084591115,9.301223689019712e-4
Q92556,1.2805871029878455,9.301223689019712e-4
ENST00000449447.1,2.1439473973023158,9.301223689019712e-4
ENST00000696888.1,1.9827019164532382,9.30148008807619e-4
ENST00000571220.1,1.8514397810975363,9.876849018271366e-4
ENST00000481072.1,1.971590819405831,9.878881186776466e-4
ENST00000446057.1,3.8163908414704157,0.0010026729821795484
ENST00000623235.1,2.1305263529033986,0.0010142408451795902
ENST00000456516.1,2.1967319857298224,0.0010142408451795902
ENST00000577607.1,1.7839658121903783,0.0010142408451795902
ENST00000613170.1,3.3161977361684034,0.0010258266091331385
ENST00000697565.1,2.3180013934824473,0.0010258266091331385
ENST00000325811.1,4.101418132695472,0.0010281226195765444
A0A0G2JMB2,2.579760149210377,0.0010287457924673116
ENST00000662636.1,2.4465952288735147,0.0010890049850593715
ENST00000605011.1,1.397907806761335,0.0010968022859861454
ENST00000696259.1,1.5183462791352391,0.0010968022859861454
Q6ZMJ2,3.7413764035273536,0.0010968022859861454
Q9UKZ4,1.9075544200036212,0.0010994284330638944
ENST00000601776.2,2.26938999165153,0.0011337141355067066
ENST00000492369.5,1.5574338867368447,0.0011403498910516187
Q15762,1.7415819238937174,0.0011421588194358637
ENST00000467393.5,2.1736122950051264,0.0011653126024297072
ENST00000428825.8,2.7227645086116516,0.0012012177527589568
ENST00000623503.1,4.971882996314768,0.0012037558391363114
ENST00000565089.5,2.9333499266914473,0.0012060966980333532
Q8WV28,1.5856435188348836,0.001225448934486551
Q9Y5W3,2.1583135786751573,0.001256763876179107
Q8N4U5,1.4466979207790949,0.0012651154520542504
Q9Y2B9,1.5330092941603668,0.0013285223168473387
Q5T9Y4,2.9229014244623244,0.0013312711546562812
ENST00000652855.1,1.5162014731892022,0.0013339950385659741
Q9H098,1.5161704328476604,0.001337522751012742
ENST00000645517.1,2.2925578123254793,0.0013579453072207245
H7BXT2,1.8333482015294755,0.0013652941436572408
F5H0P0,1.7217040654995117,0.0013880300562647547
E5RHL1,2.8860690700886087,0.0013919231231341019
ENST00000544463.1,2.3811311457218367,0.0014180003358970049
A0A075B6Y4,1.7584963547419854,0.0014219955731872
Q9GZY6,1.4954929193008986,0.001422382421517196
ENST00000623380.1,2.0468486635678484,0.0014431410455434939
ENST00000576628.1,1.8624326535113662,0.00144663885192435
ENST00000459781.5,1.9364621878397603,0.0015135085459213036
ENST00000415589.1,1.4669265146423325,0.0015353143017916595
Q6P7P1,1.5045791894080052,0.0015383587298099621
ENST00000540988.1,2.5485436040322873,0.0016069352405204255
ENST00000464329.1,2.2529203806683507,0.0016382672105342362
ENST00000423211.1,6.88720827136366,0.001666024540123545
Q15052,1.4343347505112733,0.0016702123014079705
Q6ZMT4,1.157762658859922,0.0016830282572493753
ENST00000570196.1,2.234992385912781,0.0017044609548717816
A0PJK1,2.285778412395473,0.0017431937746128924
Q6ZTQ4,5.168998412897747,0.001768645932170829
O60262,1.9732594355180895,0.001797878417056751
Q53QV2,1.6210147862826076,0.001804285125444548
ENST00000557174.1,3.315955026625767,0.0018101196843899254
ENST00000502554.2,2.972809174699379,0.0018351936369585202
ENST00000606296.1,1.7791835212708365,0.001838371009223557
ENST00000261651.6,2.266052225938986,0.001848528634010452
ENST00000473385.1,1.5658543611042293,0.0018559784922024345
ENST00000591983.5,2.626583673076153,0.0018602890654018118
O95238,2.972317604982632,0.001871942404667662
ENST00000476492.1,2.2824269954080636,0.0018952887494091113
ENST00000464032.1,5.4016551742471375,0.0018952887494091113
ENST00000651058.1,1.58829974803814,0.0019712609414849276
ENST00000696890.1,2.276475549641594,0.001989033949184959
ENST00000649026.1,2.8323213680402324,0.001989033949184959
Q9BX82,1.7615840121977264,0.002006990187146639
ENST00000697630.1,1.9443212650753636,0.0020160839347718533
ENST00000442794.1,1.9310671523724152,0.0020351815111721724
Q6ZU64,5.083427477205336,0.0020438311753977305
ENST00000414116.1,3.557743681883259,0.0020749414790911303
Q96DN0,1.953138978711885,0.0020831347804923816
Q86UF1,1.9600208614401362,0.0020956859265640455
Q06413,2.1923018873331555,0.002106455914024324
Q8TAV4,5.456846160674163,0.0021123399207739427
ENST00000659641.1,6.101167553879592,0.002142396638754357
A0A5H1ZRR3,2.132331335609177,0.002154196530303522
O75146,1.539782703270647,0.002174682948200558
ENST00000702623.1,2.572414815719517,0.0022164425620021114
ENST00000463879.1,1.513596546995324,0.002225044760726734
Q15027,2.807064902837406,0.0022346127079532823
ENST00000570298.5,4.231743149123109,0.002284115287220506
ENST00000443515.1,2.6532609518115398,0.002288645971450268
ENST00000572694.1,1.876509612407081,0.0023055883334030846
Q8IV61,1.4640781992563738,0.0023055883334030846
ENST00000466604.5,2.3444254360437946,0.0023080234314168937
A0A1W2PPC1,1.5102402194954831,0.0023410023729973626
Q9P2W6,2.0489575174564347,0.0023410023729973626
ENST00000702724.1,1.689168924006147,0.002362709625511162
P55064,4.537293852359586,0.0023914168660475687
ENST00000656348.1,3.9445399194003787,0.002404624868788154
ENST00000509709.1,2.344673598971525,0.002404624868788154
ENST00000618127.1,2.19343608109812,0.0024396883928396985
ENST00000508800.1,2.0130663490816714,0.0024545470256906628
G3V1D9,4.505550664500247,0.0024580108546003246
A0A0U5Q247,9.839961665435162,0.0024580108546003246
Q16566,1.577375867662134,0.002465373916784825
ENST00000612390.4,6.6783086586082465,0.002476018383827303
P23467,1.6164442382311934,0.002476018383827303
ENST00000535163.1,3.2275182284197848,0.0024774518125740505
ENST00000500365.2,1.6881701256983257,0.0024774518125740505
ENST00000504634.5,1.6121025628592756,0.0025619770391627408
Q2NKJ3,1.2400503312638775,0.002564311550523319
ENST00000506421.5,2.4290151229013355,0.0025753579208729806
ENST00000605233.3,1.3262007788001617,0.002636626268116351
Q9UH77,1.7574541164622501,0.002650411503464494
ENST00000504032.1,1.6207335865920212,0.0026577276566060832
ENST00000584658.1,3.223819181045492,0.0026836517655643498
ENST00000661958.1,2.5473759479767035,0.002719779618992269
O15389,1.7367629976064107,0.002719779618992269
ENST00000549032.5,1.8993182762991603,0.002719779618992269
ENST00000682289.1,1.5417045678917227,0.0027257811462046535
ENST00000680249.1,2.104787668091654,0.002755897767994911
D6RAM3,1.3982102047546172,0.0028293631727239524
Q2MKA7,1.7779359203912184,0.002844746069524435
U3KQF8,1.692308674423847,0.002863665981600176
ENST00000696369.1,2.122634453131668,0.002863665981600176
Q9NRM1,2.0026126218264304,0.002878768919833367
Q9H158,3.143860370989611,0.002891758652119729
ENST00000618699.3,5.935914957814441,0.002962584405846933
ENST00000572176.1,1.997402810907694,0.0030088935017046087
ENST00000651685.1,2.1480762913026124,0.0030526328080878115
Q7Z333,1.0302544550914268,0.003058873194068845
Q969Q4,1.8404771998207998,0.00306001506791924
O00398,1.657054345580185,0.0030860109855213153
Q9Y2T6,1.9559833996545153,0.0031067475380670583
O75325,1.7364408246245246,0.003117271204620522
ENST00000519499.2,1.9799116224687938,0.003117271204620522
ENST00000492119.1,1.841091651220126,0.00311868500724956
Q96JE9,2.9667734380370754,0.0031203472136366725
ENST00000498058.1,2.3856750077361797,0.0031203472136366725
ENST00000567373.5,1.8107660780309591,0.003120707197443184
ENST00000556919.1,2.6279666691566335,0.003135043019254331
ENST00000473883.5,1.3656006337590143,0.003135043019254331
Q6ZUJ8,1.3984129095066384,0.0031414380831777202
ENST00000520248.1,1.5012898290441739,0.0031680873167655448
H3BNR8,3.7452542365561317,0.003211423443837639
ENST00000473682.5,1.6014291353479686,0.0032289071153067854
ENST00000426585.5,2.5412438284561145,0.0032289071153067854
ENST00000702111.1,3.4086041433827923,0.003236553186501795
Q5VV17,1.342223952351611,0.003285211492474431
P56279,3.7650602577994263,0.003303699835585076
ENST00000659521.1,1.952422578236301,0.003303699835585076
ENST00000513416.5,1.588538261145258,0.003345218085151356
H0Y8P8,1.3558224698319967,0.0033577314517867812
P21453,1.6763311632077207,0.0033645646141304414
Q9UJ71,3.5878212337613,0.0033645646141304414
ENST00000489276.1,2.743617933667222,0.0033679189623247703
ENST00000665743.1,3.36626234480638,0.0033835925104751118
ENST00000488970.2,2.095225589950336,0.0033914595747751718
ENST00000565020.1,2.3635632331380463,0.003411355629746848
E9PG32,6.039613943292426,0.003443779674329997
ENST00000691625.2,2.2673293378297465,0.003454785380483246
ENST00000533733.6,1.3990120113037672,0.003501721857777972
ENST00000634478.1,2.8564186578976964,0.003501721857777972
ENST00000437380.1,1.727151370611602,0.003501721857777972
ENST00000483396.5,6.72431334134005,0.003515153763333944
O43155,1.5459313681795086,0.003552013734028887
ENST00000434320.1,2.835543653247068,0.003552013734028887
ENST00000561507.1,1.7478257569252451,0.0036141952415722394
ENST00000487752.1,1.5613144114713042,0.003617221961966593
ENST00000486006.1,1.8733524665693417,0.0036367596981715694
Q86Y33,3.9775418571521133,0.00365659473573363
Q6UXB3,3.6073848961440844,0.0037254152633930727
A6NCI4,5.266370858719369,0.0037263948626646225
ENST00000607278.2,2.2463685310127732,0.0037263948626646225
ENST00000653870.1,1.7638640253238183,0.003739305014698045
ENST00000371623.5,2.4099246545306956,0.0038330867818174687
B7Z739,2.705685387080395,0.0038378781813663133
Q16633,1.3489510584815299,0.0038440164885131345
Q12918,1.8351667809506733,0.0038440164885131345
ENST00000468102.2,1.3056076601210505,0.003850395886062035
ENST00000520450.6,1.379515732414116,0.0038542619012564274
ENST00000473515.5,2.599448016875704,0.0038542619012564274
ENST00000489408.1,2.9817097864158013,0.0038629240683533076
Q9P109,2.2954382551924577,0.0038645170735012737
A0A804HK14,1.601303775566406,0.0038645170735012737
Q92930,1.3422425013207182,0.0038729771430926195
P06126,3.5223910513606578,0.003938110361870491
ENST00000415330.4,1.6607769348465513,0.003959434333725675
ENST00000651199.1,3.716768802021645,0.003965144046294833
Q9Y2Z2,1.3290835706740767,0.003969065040755855
Q6PCB8,1.7010131943602844,0.004012162924712533
ENST00000673529.1,3.0961479688194014,0.004016263212447337
ENST00000413857.1,5.453860352973714,0.004056624237941842
ENST00000673250.1,1.8365907141025277,0.004096782272633382
ENST00000429083.1,1.6955962534210294,0.004096782272633382
ENST00000364696.1,2.4757478713190353,0.004123961663355359
ENST00000554374.2,2.093614668100372,0.004123961663355359
ENST00000577557.1,3.231095748476317,0.00420203249265843
ENST00000621400.5,2.796244525765113,0.004218944870625284
B4E2M5,5.188826959497142,0.004224287167553077
ENST00000577174.1,4.90402346873331,0.00423045805389843
Q5SW24,4.90858958090907,0.004316820802224159
P37173,1.5069744060709431,0.004364426943639885
ENST00000689790.1,3.9285801152203015,0.004367350154936749
Q15771,1.5448242508933827,0.004370965940813131
ENST00000637754.2,2.6817331392647024,0.004396872336378158
ENST00000550516.1,1.9049777229831133,0.004420431981246001
P02686,1.1325342809331398,0.004465356942246875
ENST00000406943.1,3.452219284701115,0.004474485869218245
ENST00000442252.1,4.020838270426041,0.004510564003022489
ENST00000658730.1,1.8575924757196989,0.004518066972873861
ENST00000690973.2,2.5965193574464487,0.004563364883781852
ENST00000662034.1,1.8121012307834354,0.004581511946158898
ENST00000585172.2,2.3327939003781384,0.004581511946158898
ENST00000467154.1,2.5377980919370824,0.004581511946158898
F5H5U4,1.8028069627288936,0.004628847715885886
Q8N5H7,1.4084235444237108,0.004669994826639046
P32248,2.2514622797704904,0.0046768397065489725
P35499,3.49792395883461,0.004688608488916003
A0A075B6I4,2.1564933826145616,0.004714511260268846
O43187,1.493796463940149,0.004723163309245298
A8MT70,5.408050780272574,0.004836367891417371
Q8NFJ5,3.528062714341815,0.004859720437748515
A2VDJ0,1.520953164407019,0.0049171716327374385
ENST00000468612.5,2.590997527862394,0.004922311210297365
ENST00000622226.1,1.366151906406541,0.005064587937184591
Q9NZN3,1.1085639923666122,0.0050734949480513115
ENST00000521244.1,1.6322926193473795,0.005109685327074034
Q9BXW4,4.139421630556715,0.005139308255199878
ENST00000645568.1,1.7653846288745567,0.005206199031365934
A0A0B4J1T8,6.163307619264696,0.005212661736348125
ENST00000461387.5,2.229536841098705,0.005266255159343308
Q96LA5,3.9051351318840983,0.0052845616808967644
Q5JPB2,1.724172212341962,0.005320382303839977
A6PVY3,2.7009488731629983,0.005325517295479216
A0A087WV94,1.0919172992390143,0.005384075962093359
K7EKL5,1.8756676003204797,0.005384075962093359
ENST00000422013.2,2.8825036131564383,0.005391259827915607
ENST00000462468.3,4.479397070315082,0.005472074411113129
Q08AG5,1.4021048457693484,0.005498274328077876
ENST00000402100.1,2.0540125823273403,0.005534269117959499
ENST00000520942.1,1.7879305912991934,0.0056409214985111995
P21145,1.9681878220504576,0.005741572235040063
Q4G0P3,6.113802706559668,0.005751705047858074
ENST00000505896.5,1.9125948365669423,0.005755614287946926
Q13224,3.6402264423327906,0.005757628079600938
ENST00000468856.1,1.5954002402353409,0.005757628079600938
ENST00000529239.1,2.860764429066302,0.005779028509106094
ENST00000475896.5,3.166232982152744,0.00578498338764875
ENST00000377320.3,1.7120332280802828,0.005834152536177111
Q9HBI0,1.9864413769929896,0.005834152536177111
ENST00000525056.2,1.9417168687879558,0.00585255199007165
ENST00000474041.5,3.5047084714310768,0.005940443235943461
Q9NQC7,1.2564642861536603,0.005978051170149558
ENST00000547326.2,1.670291760998544,0.005981844215082445
ENST00000684384.1,1.3987650829004905,0.005989779435271284
ENST00000499685.2,1.7263683892698083,0.006138346274628976
ENST00000452915.3,2.0133219057175036,0.006139406798651304
ENST00000547626.6,1.9309072055875294,0.006197705753638574
Q13201,2.044475654189686,0.0062066341655043706
P19484,1.6058671034249643,0.006217031869651862
ENST00000479900.5,2.325163574178711,0.0062753365996075115
ENST00000698071.1,1.5827388318127098,0.006302656884917288
ENST00000510464.1,3.5646894162933513,0.006368547442008746
Q8IZF4,2.4301764390753773,0.006415987467058317
A2A288,1.8482320487991428,0.006521413766806878
ENST00000528629.1,3.5064382840047528,0.006532238637216397
K7ES92,1.7234217579599287,0.0066142979435751745
P13612,1.6189783568944982,0.006624074046439877
ENST00000665870.1,1.8425234218735753,0.006650280971103063
ENST00000506387.1,4.3776598326393925,0.006653740394483829
O60635,2.962715604208783,0.006657363828694547
ENST00000624404.1,1.9956073463174377,0.006657363828694547
ENST00000593704.1,4.895891480393835,0.006657363828694547
Q9ULW6,1.945853483913097,0.006657363828694547
ENST00000648969.1,2.82185888276242,0.006692372585678107
A0A7P0Z468,2.418950758511978,0.006734570027684088
ENST00000465067.3,2.2353843297571023,0.006734570027684088
F8VX04,1.2706537999652148,0.006769923499642452
Q687X5,1.7873866842019488,0.006821247758435147
ENST00000481082.1,1.6370348585128653,0.006821413355608479
ENST00000547974.5,3.842524820715799,0.006821413355608479
ENST00000548047.5,1.7034238014847456,0.006836348582892422
ENST00000703411.1,1.4676347785276869,0.00683957530533038
ENST00000656923.1,3.5163160688588087,0.006887224159192644
ENST00000614721.1,2.433753672958928,0.006906843506468306
ENST00000587894.1,2.2181653571138806,0.006945416646680958
ENST00000489356.1,1.7168523569361682,0.007003410313449894
ENST00000484834.5,1.5065400751698697,0.007224070097595862
Q8WUS8,1.3029453669861017,0.007244694396495085
ENST00000432513.1,1.9709882635880671,0.007254631815183444
ENST00000567980.5,2.0426617602875754,0.007331546803901204
ENST00000460763.5,3.441868645448111,0.0073608890988575565
ENST00000561334.1,2.490711155361295,0.0073608890988575565
A0A075B6X9,1.6874380464643026,0.0074526623279260905
ENST00000565135.1,2.6496409692908873,0.007536074498366438
ENST00000582299.2,2.572254940654636,0.0075472388803464905
ENST00000555736.1,2.212496833081519,0.007583099969004416
Q86XR2,2.570093993442255,0.007617618242488989
ENST00000416999.1,1.3829429812745988,0.007626331520817073
ENST00000401050.7,2.220585293459381,0.00765228958173966
ENST00000438318.1,2.486810631842554,0.00766576235472937
ENST00000479186.1,4.9550765430717885,0.007720589194605642
V9GYD6,1.5772666570987552,0.00773173157285296
Q6P9A3,1.2455104009819957,0.007777683833305222
ENST00000507652.5,2.672060582953913,0.007779156133483386
P49961,1.0878578237578604,0.007782792383993374
ENST00000589250.6,1.5793078930498896,0.007887497228162165
ENST00000504064.1,1.7996449488652906,0.007919375422140842
Q86UN6,4.970144467166224,0.007933547320990858
ENST00000698228.1,1.041492143513584,0.007993320779603928
ENST00000622162.1,2.1752775709723067,0.00803629515433255
Q52M88,1.4735079944515874,0.00803629515433255
ENST00000523464.1,2.0599608053650944,0.008093754673566884
ENST00000646987.1,3.0877106725540844,0.008154969824005593
ENST00000639378.1,1.1137792090714003,0.008180644362915117
Q5TZ20,3.028816606871353,0.008182611869950883
V9HWK4,1.116120236159297,0.008182611869950883
Q92519,1.50399727108578,0.00826727254313608
Q6AI14,3.527224786966682,0.008312720567986213
Q8WU79,1.1865179403383557,0.008387998668075025
A6NK59,1.7055627832928788,0.008492009946349644
Q5T655,3.2320433583652437,0.008591020564432325
ENST00000451407.4,1.6048425693377186,0.008624764478057158
ENST00000684841.2,2.5040412950010227,0.00868943610419667
ENST00000525584.1,1.8244906098720226,0.00878842650751556
ENST00000617854.1,2.3492055766849504,0.008794425676001654
ENST00000658513.1,2.5779070782406412,0.008794425676001654
ENST00000505854.5,2.720929418118002,0.008819729186883474
Q96DU3,1.5195010114262604,0.009068496609364284
ENST00000560945.1,2.2478761666829286,0.009068496609364284
ENST00000580813.1,5.482419337771644,0.009085021124428074
ENST00000698224.1,1.3245987523246394,0.00912563829223703
ENST00000625108.1,2.2425987489925534,0.009153561524370055
O43345,2.108786029742156,0.009189138470172475
ENST00000703170.1,3.8423887677299953,0.00920816859732156
Q96T49,1.6068024873336026,0.009209815243536479
ENST00000474938.1,5.664646528525024,0.009209815243536479
ENST00000512693.1,1.4680888421583913,0.009276314300220844
ENST00000683100.1,1.33606816685553,0.009298544857880087
ENST00000623627.1,2.6807155692405154,0.0093247320855318
ENST00000514839.1,2.3263210344888887,0.009384724297656032
Q9P225,5.261282488924778,0.009421022347811362
ENST00000378347.2,2.116447529405453,0.009570376892806164
P49238,2.215345148905409,0.009639714929159608
ENST00000608412.1,1.110903336783172,0.009660737924682007
ENST00000457668.1,3.4988964749194804,0.00966184055039526
Q9UBN6,1.3660528170543238,0.00966184055039526
ENST00000531530.5,1.7405119766747839,0.009673853884606575
ENST00000462546.5,1.962330222516933,0.009697704121931551
ENST00000670564.1,2.2939084923535376,0.009697704121931551
ENST00000644669.1,1.4860986358868615,0.00970677295220727
ENST00000552641.5,2.107797033026621,0.009781569985425783
ENST00000603797.1,4.602685410552781,0.009801809136987515
F6RY50,1.8303399626497994,0.009824404511136135
Q6UWF3,1.407555844418385,0.009853356745755952
ENST00000481645.5,1.8991680807871738,0.009995363054282952
ENST00000463434.5,2.5741030647147527,0.01001138914428271
P09769,1.7477723669156748,0.010066625129566575
ENST00000544968.1,2.949771556801347,0.010125333616996147
ENST00000670571.1,4.740938550000459,0.010133708979079321
Q15283,1.0328438495114691,0.010133708979079321
ENST00000647704.1,4.801496134629304,0.010150588672992837
ENST00000508443.1,2.207167090160056,0.010206591403970355
Q541S4,1.9007996673090237,0.010209595808823182
ENST00000570088.1,1.7169374589170476,0.010230274026918985
A0N503,1.9016802276579785,0.01031159130835598
ENST00000522892.1,1.8250564442498767,0.01031159130835598
Q8IU99,2.5924849086621653,0.010357376735026838
ENST00000565600.1,1.5401029146967884,0.010381483741443858
ENST00000534281.1,1.3316587464086707,0.010389068188722093
ENST00000652445.1,1.5004853974737364,0.010389068188722093
ENST00000658575.1,1.155069398837336,0.010389068188722093
ENST00000512105.1,3.8280967027305044,0.01041240809012591
ENST00000565400.5,1.7364898435665597,0.010436808873689715
ENST00000701757.1,1.0549336125238968,0.010436808873689715
ENST00000696488.1,2.8543092147809013,0.01054367684622567
ENST00000517707.5,1.9547784932819394,0.010643080021001776
ENST00000672050.1,2.2464832162727943,0.010699926358305313
Q6UXB8,3.9399688463858102,0.010699926358305313
A0A1B0GVM6,5.421025851233451,0.010737755991155938
Q9NWR8,1.4635062439157902,0.010737755991155938
A6NJ28,3.9839232696151696,0.01076706762113408
Q6PDB4,1.312445608301134,0.010792455653198934
ENST00000471798.1,2.006640794282011,0.010880914027335127
ENST00000699789.1,1.565950469952845,0.010978923073805508
ENST00000515789.1,1.5407396815266217,0.010978923073805508
ENST00000573703.1,1.47125542786811,0.011054905764129513
ENST00000695579.1,2.033365204296071,0.011118202565183331
A0A087X1S7,1.5476477528755366,0.011124361268283863
ENST00000430831.6,4.268817026134727,0.0111570195494028
ENST00000685133.1,1.9412768943842058,0.01117507418436599
ENST00000594954.5,5.424939931356323,0.01118567989096248
ENST00000649402.1,2.8752654422682604,0.011227918282884712
ENST00000495184.5,1.5279749933667919,0.011236217274105943
A6NMZ2,5.9163545691906805,0.011257512692850344
ENST00000696173.1,1.6030370637074907,0.011290780888394645
Q8N139,1.5774984752981076,0.011350469299015616
ENST00000562062.1,1.4068756563291809,0.011408386980580635
ENST00000503074.1,2.670248884650668,0.011412184939969039
ENST00000690561.1,3.9548763259926387,0.011443236536336998
ENST00000624179.1,1.9295564351865604,0.011522521132860734
Q8IZC7,1.2472838918379756,0.011558187842678735
ENST00000586611.1,2.1968903520345857,0.011612051068801586
ENST00000608395.3,1.4787560220134421,0.0116251896359488
ENST00000457108.1,2.5319763323082185,0.01165846397347468
P01850,1.5338937063575915,0.011667021917518937
ENST00000500989.3,1.5517220996572667,0.01177546600453038
ENST00000649481.2,1.9965080756597102,0.012005905374558253
Q15034,1.458112552459881,0.012051703297688112
ENST00000609953.1,1.6842089959260156,0.012166518552591005
F5H3P3,2.550700489546151,0.01226186123943088
ENST00000492863.1,1.9212842480131682,0.012282786456951474
ENST00000379329.1,2.5701080042999918,0.012282786456951474
Q6PKX4,1.6197556856366946,0.012287550243516191
F6R962,3.6027002080125543,0.012289560730979232
ENST00000561486.1,1.2340852710842525,0.012302393651775972
ENST00000693422.1,1.2622306654520226,0.012418988693788558
Q8N9Z9,5.546756939631372,0.012480447333457658
H3BQK3,1.7402554728708841,0.012510887859863677
Q2Y0W8,1.6315464731309928,0.012626248411640641
Q9C002,2.6222842595678344,0.012633949371360911
ENST00000682260.1,1.5726958012830492,0.01264670372429108
ENST00000379350.5,2.0560578479134928,0.012674792017025349
P27469,2.239121239807087,0.012695463668707324
ENST00000639472.1,1.4184794483606848,0.012704378785416744
ENST00000614534.1,5.694560728551144,0.01273722105508161
ENST00000556019.2,2.4942503698695324,0.012751325863293106
ENST00000579713.1,1.971999050874319,0.012767270306002127
P0CG32,2.4300638486032353,0.01284330836661108
ENST00000647673.1,1.618735807750619,0.01288942038595226
Q8N1D5,6.126576273592162,0.012929473414802795
ENST00000413315.1,2.8574837177004504,0.013108005099273512
ENST00000488618.2,1.2895768777822834,0.013130575672201026
Q6ZUT9,1.3330576454681446,0.013231205810295016
ENST00000526535.1,1.4757695961633566,0.013275231526555208
Q13003,5.110384813125564,0.013317275056235112
Q53SF7,1.3929308476967635,0.013350336779501542
ENST00000695095.1,1.0272455235913733,0.013489574768864735
ENST00000590491.1,2.2074106619700373,0.013489574768864735
ENST00000610464.1,3.205732738934255,0.013591633319921336
Q9Y6X0,1.775006212208468,0.013591633319921336
F6S232,2.635629892497637,0.013628701573621785
A6NFT4,3.2330046931909497,0.013669345225704099
Q9GZN6,1.3567664741428875,0.013742138976836302
ENST00000556777.2,1.9354209655489367,0.013754624080041878
ENST00000534294.5,1.7028459217529697,0.01379710220962271
ENST00000592399.5,1.7322332511871614,0.01379710220962271
ENST00000650146.1,1.4681869168754498,0.013904720964107869
ENST00000550497.5,3.517503978584722,0.013973890215220736
ENST00000499006.7,3.2823220789006284,0.014071720180906275
ENST00000660188.1,1.4396071462387587,0.014071720180906275
ENST00000567246.1,4.599117434204993,0.014134177614221644
A0A8I5QL39,1.426290526801005,0.014134177614221644
ENST00000563686.5,1.1211564581060158,0.014141595243698077
ENST00000702967.1,2.4639293601242818,0.014141595243698077
Q9UJ14,1.3388978397589693,0.01418193685017317
A0A8I5KTB8,3.2531315685905935,0.014224119092654083
Q7RTR2,1.0894055539623555,0.014311065829449245
ENST00000548756.2,2.3174470990058245,0.014358866074062329
ENST00000624564.1,1.1504654844295472,0.014443555711341446
ENST00000626237.1,2.349114769167877,0.014444141975168521
ENST00000684152.1,1.3948834223907334,0.014472055566473676
P55160,1.2447204875915059,0.014497181708913256
ENST00000505856.1,2.745831653756351,0.014509147942430824
P22732,1.3648388191626422,0.0145475901462035
A0A1B0GX02,2.0974629895691685,0.01456194047321325
Q15391,2.1475281585077024,0.01456194047321325
P15812,3.318561632605566,0.014652612335398803
Q53ZX0,1.924424631333671,0.014652612335398803
O75037,1.2448901979178144,0.01468881529917884
ENST00000582583.4,5.317806912984992,0.01468881529917884
ENST00000456440.2,2.502321316308725,0.01468881529917884
Q3KQV3,1.3331508026433028,0.014709497872863875
ENST00000464827.1,1.6151482297266135,0.01471505295635491
ENST00000623228.1,1.3954602964412837,0.014740440828765137
ENST00000476089.1,1.5049781145672696,0.01493747296438652
Q6UWV7,2.2865822414424333,0.014940937227486125
ENST00000647388.1,1.2228439823835937,0.01496176947982844
ENST00000605657.1,4.509022041712973,0.014992925656795704
ENST00000563195.1,1.7966561597740673,0.01501384258718311
ENST00000607272.2,3.5444325116635245,0.01501384258718311
ENST00000565707.1,4.047883583069764,0.01501384258718311
ENST00000559953.1,1.8299597887529282,0.015057673926009494
Q93084,1.485725621224138,0.015057673926009494
O95925,5.471936788293613,0.015094559300658924
P08183,1.2664240964910563,0.015094559300658924
ENST00000443016.1,1.386768983878912,0.015140845387550016
ENST00000439752.1,2.781272913508641,0.015145237557627405
Q9P296,1.877767859891346,0.015166856796261239
ENST00000402595.1,1.6850190624318782,0.015239164619283471
ENST00000636143.1,2.0036614229299827,0.015251017033972705
ENST00000465821.5,1.3797500802682379,0.015392215284988174
ENST00000423194.1,1.9004085913982076,0.015394385805773677
ENST00000484512.1,5.5572870178417935,0.015443611410821217
ENST00000521382.1,2.3645604751592555,0.015456299882667038
ENST00000669711.1,2.2321527197069617,0.015467920011779573
A0A6Q8PF39,2.1017989352234334,0.015651725218734498
ENST00000511086.1,1.965083679106305,0.015657153224904956
A0N4X2,1.7388166570358479,0.015719314570546615
ENST00000444037.1,1.6792888495944298,0.01600637201331032
E9PRF7,2.961752329601634,0.01608034541084022
Q9H6A0,1.3392060311274274,0.01609647891037168
ENST00000532510.5,1.6727358302379511,0.01618565374418244
ENST00000493201.5,3.281351754391188,0.016199777275384353
ENST00000510083.1,1.5334575189253237,0.01632038858452973
ENST00000698717.1,1.7030397436851286,0.01634081362484648
P14151,2.149983824705183,0.01634081362484648
A0A075B6Z2,3.522922029044862,0.01634081362484648
ENST00000675703.1,2.111109460781143,0.01634081362484648
ENST00000451240.1,2.681829277281146,0.01634081362484648
ENST00000510619.2,1.2034268215705148,0.016436931267064556
ENST00000365177.1,2.505598319424948,0.016547275354454227
P98088,4.335747052366322,0.016736981739147495
ENST00000486365.5,2.4303408917625458,0.016736981739147495
Q9NXH8,1.0665571248319954,0.01685577009032139
J3KSD4,2.04758925272427,0.01690553355611769
ENST00000546651.3,1.227912592978564,0.016906693415184575
P51451,4.383551797048038,0.016926051733858666
J3KSS9,1.9769246724329137,0.01699310078923921
ENST00000449259.1,2.9207681795920597,0.017064910127413842
O95436,4.587401758863836,0.017136262813711774
ENST00000509497.1,2.0608980548281997,0.017282238311745256
ENST00000637629.1,3.314869219289352,0.01729642907684689
ENST00000472732.5,1.827251714942091,0.017329878013116275
ENST00000534529.5,1.021404146740123,0.017354363087129298
ENST00000650173.1,3.154182500190327,0.01741654354043976
Q8IZN3,1.4278758833918417,0.01750297599846959
ENST00000477654.3,3.5166268786161208,0.017547734897595514
Q6FGJ9,2.258057382183245,0.01756483625360652
ENST00000540749.1,2.0781277106136002,0.01759063320009667
Q9Y238,2.4146833054069714,0.01762292793945893
Q8WXG8,2.797487730593585,0.017633034772838813
ENST00000470841.1,2.7409039136730446,0.01766851467691722
Q92835,1.4587415814144673,0.017770886931213613
O95379,1.511346298032879,0.01791862247154642
E5RGJ5,2.900810891741871,0.01791862247154642
ENST00000477605.1,1.3567361220786074,0.01791862247154642
ENST00000518070.1,1.656392025059758,0.01798544348685837
ENST00000475293.1,3.632303528493284,0.018003905012842925
Q86X27,1.6801363482786524,0.018017418050051276
Q92563,1.553828144808781,0.018117462204308894
ENST00000509542.1,4.398757267411626,0.018197974138735574
ENST00000698225.1,1.5083873876727178,0.018212186869710628
ENST00000641948.1,1.623845213430123,0.01826852462375746
ENST00000688804.1,1.4667722794782616,0.01827187347501218
ENST00000661223.1,2.3893698734156317,0.018333842324749425
ENST00000669594.1,1.705627020362682,0.018334321449841005
ENST00000666492.1,3.008736646902712,0.01848578121181371
D6RAV7,1.154581534067275,0.01848927551613913
ENST00000556258.1,1.3432662266146376,0.0185294905496264
ENST00000522955.5,1.4361451177197175,0.01860038678950724
ENST00000494604.1,1.8865582975643107,0.018636592599066405
ENST00000463752.1,2.993272705383286,0.018637427757405126
ENST00000688991.1,1.8903533878334353,0.01865484724227276
ENST00000642094.1,4.581721213682194,0.01865484724227276
A0A087WYI2,1.1448834568380821,0.01865658890423067
ENST00000632775.1,3.1916799574975463,0.018707271659278196
Q6PP77,2.4613103946273815,0.01876086215896916
ENST00000624384.1,1.550340365425846,0.018900161383137423
P10909,2.7127466210225095,0.018913459823632878
A0A590UJL0,1.0948300028544098,0.018978008147836147
ENST00000424470.1,2.0722131964379433,0.018978008147836147
ENST00000640623.1,2.9485291576303663,0.019002352569435412
ENST00000651880.1,5.058439003712538,0.01902122722694619
Q9Y2D0,1.0885703116386103,0.019086074339143062
A0A5A2,2.7721048006493434,0.019159901188323537
ENST00000513820.1,1.6506094342994315,0.019159901188323537
Q96FS4,1.4442378197196313,0.01917571245821676
ENST00000471815.5,2.0943273947723724,0.019175820806680142
ENST00000455973.1,2.822098023362786,0.019296307840870205
ENST00000565670.1,3.2762550088791134,0.019317226618441305
ENST00000670694.1,1.1907968597729086,0.019374009174027578
ENST00000504510.5,1.5143625249366472,0.019374009174027578
ENST00000609327.2,1.8810885267008153,0.01940173023635267
ENST00000518555.1,2.082150186069485,0.01949304988814172
O95711,1.3047449002433034,0.01969814223931932
ENST00000586022.5,1.3559553634875297,0.019718191674384877
ENST00000555838.1,2.853121480425987,0.019797411187582645
ENST00000550383.1,1.747444541985562,0.019849724314121714
ENST00000492875.1,1.3919172864029974,0.019892232714148878
ENST00000584198.2,1.5969240026451637,0.019892232714148878
ENST00000608373.1,2.2048600119379373,0.019988240772384307
ENST00000462540.1,1.8123991154943007,0.019993989541218726
ENST00000462927.5,1.1437771962094163,0.020022778499332695
Q96C74,4.4081713585263325,0.020022778499332695
ENST00000610667.1,5.225376278334,0.020022778499332695
Q93091,1.4320649272108896,0.02005701331309566
ENST00000684637.1,1.4223783660419087,0.0200857374671664
Q86U28,1.4169888215240845,0.020120448941121742
ENST00000468564.6,1.2028065031659403,0.02018422475510536
P35236,1.1406772161670884,0.020214345884284193
ENST00000557637.1,1.7237734447460804,0.020214345884284193
Q8IU60,1.0188173456022163,0.020214345884284193
A8K727,1.3089121046211296,0.020214345884284193
ENST00000440294.6,3.4780259513008556,0.020409001498415017
C9JVY5,1.5774262130354124,0.020602243364362952
ENST00000247295.4,1.4374637738995588,0.02077164488823088
ENST00000667364.1,2.7308962477486984,0.020811096869034176
D6RC88,1.6724209135796537,0.021098819992145343
ENST00000474381.2,8.870306138955971,0.021119443478053126
G3V1Z2,1.363565951974789,0.021127912122155364
Q96FE7,1.4348172260210963,0.021337924657102762
ENST00000668291.1,1.7491973048336755,0.021354291520776565
Q8NFD2,2.608509882050626,0.021569458918095922
ENST00000533828.1,3.4666981503324,0.021569458918095922
ENST00000502639.1,1.5078779300803244,0.02159887566060702
ENST00000478919.1,2.01440193100525,0.021683521402146123
ENST00000461003.5,1.95764073826797,0.02173802309468453
P10747,1.8904375978102104,0.021847122963499877
ENST00000650079.1,1.3992430133406901,0.021847122963499877
ENST00000504638.1,2.625287135851091,0.021847122963499877
ENST00000325042.2,3.347452826596516,0.021847122963499877
ENST00000578067.5,1.6788388028269279,0.022022461791625265
ENST00000493635.1,1.4689666931110577,0.022050702542045646
ENST00000558941.6,1.4934797753661633,0.022225011934719173
ENST00000364921.1,2.3565749024673086,0.022265367029391553
ENST00000513448.5,4.125234480552449,0.022271552512224627
A0A2R8Y5R2,3.588588969100194,0.02231694877517314
ENST00000421206.1,1.6699553440955652,0.022624109488368176
ENST00000691482.1,1.4198178110127833,0.022661254559393086
ENST00000697581.1,1.7714806145168143,0.022680789456053257
A0A5F9ZHI8,3.4761816629194047,0.022680789456053257
ENST00000527672.1,3.0669542512831285,0.02269222517147074
P78562,2.521512699731549,0.02269222517147074
ENST00000551454.1,2.2388710657612925,0.02275836705261803
ENST00000644925.1,1.880721561180942,0.022777732542640577
ENST00000490866.2,2.4281982258002732,0.022815552443901342
A0A5F9ZHK2,1.1201182664853984,0.022917278963644393
Q9H853,5.386962557438834,0.022982244733683585
Q6ICH7,1.2277240719862033,0.022982244733683585
ENST00000563920.1,3.503167087025559,0.02298556596807752
Q5R352,1.4359343369803401,0.023107130775503023
ENST00000485778.1,1.6958534307415825,0.023130242593677984
ENST00000604086.1,2.7601570012917707,0.023179723312761302
Q7Z614,1.448214030313084,0.023380566584199538
ENST00000445865.1,2.3338739469800487,0.02360456431570857
P51504,1.8418110995420052,0.02360456431570857
O75891,5.39116935309175,0.02360754504857113
ENST00000610729.1,2.1868374347399886,0.02378748558475991
ENST00000488033.5,1.6174514351712594,0.02381234609912502
C9IZ38,1.7975660605691914,0.023817071763272045
B5MCJ2,1.6013820866546242,0.023859936402666666
ENST00000680235.1,1.6840421087627928,0.023978291756329675
ENST00000476324.1,1.4266758209913448,0.023978291756329675
ENST00000479747.1,2.1192539944937354,0.023999791249436422
ENST00000606367.1,3.5668608254180105,0.024077248731694662
ENST00000480746.5,2.3451190631942853,0.02417909207505088
ENST00000407450.1,1.4726194221922304,0.024207318753600656
ENST00000485105.1,1.111311650926888,0.02424093997044715
ENST00000456718.1,1.3429780131736686,0.024248481404128653
Q2TAC6,2.199690162775223,0.024254023764955886
Q8NDH6,1.2788584547346291,0.024258449873104763
ENST00000486541.1,2.2932541563055877,0.024405518434447757
ENST00000608805.1,1.9543829205819832,0.024436207901505254
ENST00000566948.5,1.0702725108106057,0.024587025234781186
ENST00000697596.1,2.7004577074465894,0.024587025234781186
ENST00000495126.1,3.845463876773764,0.024658466018611453
ENST00000468698.1,1.5196845795267662,0.024658466018611453
ENST00000553694.5,1.4084557730457925,0.02471080622728149
Q9Y235,1.33592700310795,0.024886642695872402
B8ZZ34,2.1607309027853354,0.024946250650918083
Q9UHP7,1.5233088502628482,0.02499442149196638
ENST00000435523.5,1.3429053296171476,0.02499442149196638
ENST00000614309.1,2.3269145637055537,0.025076799954006763
ENST00000506637.2,4.777758525980149,0.025158892251970953
ENST00000546116.1,1.8234596592122234,0.025264587436127767
ENST00000658931.1,1.8127847667192514,0.025317790877715154
ENST00000574202.1,2.234019123692292,0.02541571622125691
ENST00000696524.1,1.2844843414621885,0.02548959553586246
ENST00000502840.5,3.107318603945768,0.025591000005836476
ENST00000476050.5,1.5425088463902552,0.025636452936355705
ENST00000497286.5,1.3221326106980331,0.025763585600465835
Q6ZVF9,1.0595547922471933,0.025763585600465835
Q12851,1.266188854512203,0.025830344466492787
ENST00000470329.1,2.700165111094318,0.025830344466492787
ENST00000534754.5,1.348240146345613,0.02586927236761223
ENST00000570439.1,1.132743865302596,0.025987918469057132
ENST00000514799.1,3.0072327864171373,0.025987918469057132
ENST00000469188.1,1.4891244016627523,0.026070498486227996
ENST00000703204.1,3.9413985543797625,0.026125314020285142
ENST00000542277.5,2.034524839210587,0.026127787479792355
A0A8I5KQR8,2.401480552658444,0.026141991070547245
ENST00000427859.5,2.599388236262282,0.026214353964500198
ENST00000546413.1,1.6347333334528824,0.02626313309012137
ENST00000453895.1,1.6484050419750942,0.02626819242908639
Q8IYW4,2.512550697373409,0.026279601341295
ENST00000507617.1,2.05862077017812,0.02634839669246641
ENST00000464324.5,2.359231612113716,0.026393651565181104
ENST00000535676.1,1.6758985418510013,0.02643166401767437
ENST00000663449.1,1.9074788445551567,0.026449431706013528
P43250,1.5744673377392289,0.0264822586396991
X5D963,2.6560667561546674,0.026582832446162902
ENST00000612725.1,1.9397037163180313,0.02658785467437874
ENST00000641955.1,3.2587699095256997,0.02670919656291776
Q14088,1.9740033723090542,0.02670919656291776
ENST00000327839.4,3.0765974612552855,0.026735093525506053
ENST00000415378.1,1.5756494346339402,0.02677421672658164
ENST00000583532.1,3.906571662487915,0.026838256272087004
Q8N8L6,1.0792318826344636,0.026853236814231275
A0A7I2V4B0,1.215683436769203,0.026878683195848026
ENST00000512381.1,1.7738627109988179,0.026888825449405608
ENST00000311317.8,1.3430540740073635,0.027017206533561006
Q96L42,3.1746619976843884,0.027029048310482046
A0N4X5,1.8672980649542694,0.027208542946829988
ENST00000556301.2,2.669576690459944,0.027343021084353273
ENST00000487975.5,1.4839001084123793,0.027343021084353273
A0N500,1.4335602725860017,0.027349493130330926
A0A3B3IS59,1.4177875037632037,0.027349493130330926
ENST00000562680.5,1.0923484980443452,0.02744959585784287
ENST00000527434.1,2.1606804777032975,0.027501501494784246
ENST00000642853.1,3.2539421385004705,0.027524309248001644
ENST00000596946.1,2.4065135645319087,0.02787573995563736
Q5SZL2,1.3072664695598455,0.027946764329372115
ENST00000570241.3,2.1243599419509356,0.028035833192520978
A0A2R8YEX6,3.355128317138467,0.028035833192520978
F5H1R4,1.8491802898385317,0.02804242952427131
ENST00000647624.1,1.3773542896178304,0.02804242952427131
P15907,1.1665433807349421,0.02804242952427131
Q8N485,2.6366714515641396,0.02804242952427131
ENST00000620690.1,2.7840930632238696,0.02804242952427131
ENST00000418218.5,3.657485113462164,0.028114700337512358
ENST00000539131.1,1.6558052178607228,0.028166161474759074
ENST00000647741.1,1.3592893451502988,0.028259721454445056
Q96LR7,3.5408547057568662,0.028572101581999135
ENST00000566278.6,1.721131023828126,0.028649754336641818
O95837,1.5213037025654104,0.028667202085836337
Q6ICG8,1.7344741177744532,0.028739801484222345
Q7Z591,1.188526676148239,0.028739801484222345
ENST00000649379.1,5.424187516408721,0.028788759569798365
A0A804HJ58,3.8136972616495277,0.028983344792464175
O14492,1.037476100966172,0.02900957038187404
Q8N309,5.1258824984939535,0.02903769897187154
K7EKR2,1.8503583904042398,0.029222871671989795
ENST00000448680.2,4.227800525071104,0.029291720023979406
ENST00000610936.4,5.270952482140926,0.029292271135527074
ENST00000439823.1,2.6920247804330715,0.029292271135527074
P14921,1.3569548341831537,0.029292925632483424
ENST00000425316.3,1.558872449371909,0.02931589102707557
Q14289,1.0256241036175857,0.029418660939175327
Q6ZV29,1.8249559814112477,0.02943522866072499
ENST00000366218.2,1.81831072099389,0.029435725332476168
Q9UL41,1.5759369038807107,0.029466542399535847
ENST00000656154.1,1.070881665838924,0.02954606645140675
Q9Y2G2,1.0719567545748152,0.029642958872784037
ENST00000486973.1,2.2096599085378306,0.029728132672426657
ENST00000663545.1,5.493497451606206,0.02973939320204409
ENST00000648291.1,1.7886260005828583,0.029851323825999202
ENST00000605404.2,3.464040190549585,0.029851323825999202
ENST00000463504.5,2.2947833201941474,0.02993251033500942
P52566,1.735895925231886,0.029941985976934166
ENST00000569617.1,2.606681737751458,0.029941985976934166
ENST00000433746.2,4.631212835769247,0.02994828127751036
ENST00000548924.5,2.611123401219492,0.030080724193048174
ENST00000698931.1,1.084451593881219,0.03020015534422404
P41594,3.5822544209856435,0.030446821919516774
Q9H015,1.8975134095087214,0.0304519855440768
ENST00000569929.5,2.082177249048041,0.03050981191908299
ENST00000422966.1,2.981256114903161,0.030547731711022673
Q15078,1.5239583768642566,0.030556148387134205
ENST00000500636.2,1.2695071260940334,0.030631827834674438
ENST00000624096.1,1.643789861948982,0.030716368826081055
ENST00000371922.1,1.3165882798597808,0.030723405890546656
Q6S9Z5,4.881512919138106,0.030723405890546656
ENST00000671460.1,2.093966069790374,0.03083075122408186
Q969J5,3.137740746050086,0.030893592547125134
ENST00000579009.1,2.9179818423576553,0.030973630223684937
ENST00000509281.1,1.955099116367313,0.030973630223684937
ENST00000478582.5,1.514571974607683,0.03115306014298809
ENST00000437920.1,2.6348476752587664,0.03128204130147201
ENST00000598149.6,2.4123206257223053,0.03129199848548798
ENST00000478786.1,2.7700288870055805,0.03139604025470167
ENST00000617712.1,1.5762224763542594,0.03146822894293235
E9PIB3,1.8627482631092713,0.03153621092617049
ENST00000611566.1,1.57052577241122,0.03153621092617049
Q96DA2,1.3222220587717075,0.03153621092617049
ENST00000683968.1,1.234909261304468,0.03155267794716755
ENST00000489501.1,5.214225360564138,0.03160352203805412
ENST00000487871.1,1.539622717866314,0.03162141274342124
ENST00000486151.5,5.529009429551793,0.031648585931932746
ENST00000515715.2,2.802417358011826,0.03171011183929977
ENST00000675460.1,2.6675456468226533,0.03175047523857082
Q96L08,1.8586762911452692,0.03212046220950429
Q71UM5,1.0712057335781284,0.03223306985899385
ENST00000474050.1,1.48896947391549,0.03228476383336845
ENST00000609596.1,2.1672242257996728,0.0324020977580818
ENST00000518267.5,1.893852043982992,0.032447470325865445
ENST00000604222.1,3.2065778953107253,0.032447470325865445
ENST00000475365.1,1.6215530467789954,0.03251702626413336
ENST00000432045.6,1.0803536536373375,0.032649161580542964
ENST00000522653.5,1.4399262611366699,0.03267217848911744
ENST00000630242.2,2.122006569182055,0.032788281841227236
O00238,3.3849738467079376,0.032849021168821955
ENST00000531791.1,1.3646087046902258,0.03298959252497646
ENST00000527895.2,2.2444125802570896,0.03298959252497646
ENST00000689340.1,3.397244548533229,0.03317426463318329
ENST00000557472.1,2.11214532992051,0.03318338764266385
ENST00000428356.1,2.2129634735045354,0.0332311710080721
Q9H7X2,1.6697854211615646,0.03345619290555453
ENST00000401373.1,2.720924722743486,0.0334564719869615
ENST00000514301.1,1.5391711978149156,0.0334564719869615
O43314,1.0304774217851602,0.0334564719869615
ENST00000540396.1,2.2872294658599044,0.03350727881605472
ENST00000646541.1,1.3475156713530108,0.033557090120942885
Q8TDT2,2.3292834470495554,0.03367656154084582
F8W0N3,2.6991441591369254,0.03367656154084582
ENST00000607148.1,1.7668377671663555,0.03368046640423002
ENST00000476798.1,2.084732034126086,0.03368046640423002
Q96H15,2.812617541134527,0.0337443820957835
Q92837,1.1981051529460418,0.03377499653886474
ENST00000473002.1,1.7422950346644681,0.03382149287945063
ENST00000476245.5,4.647275335631217,0.03390365705146923
ENST00000661991.1,2.225629358583075,0.03394443536589035
H3BU76,1.7178017895013253,0.03402262057294182
ENST00000487574.1,1.6509217463128667,0.03406792757453531
ENST00000620572.1,1.3850520785814224,0.03410971193618636
Q8NFU0,2.5238600846980073,0.03414517337179746
ENST00000470982.5,3.3805159723613896,0.03414517337179746
ENST00000493981.2,1.3087613216363472,0.03423374297461599
ENST00000556624.1,1.8516053592491455,0.03426937398042787
P06127,1.044630195393803,0.03443026370222553
ENST00000674047.1,2.4965868273666927,0.034658388716094876
A0A087WV63,2.0653972960651497,0.03466132745999035
ENST00000525517.1,3.101578650591768,0.034827382635200854
ENST00000463390.1,1.5406376780135362,0.03487581230853656
ENST00000469770.1,4.223657157601996,0.03489504608858317
ENST00000696515.1,1.533106675357666,0.03491435549926397
ENST00000478598.1,4.236232391658153,0.0349903381125127
O95931,1.205653610631384,0.03503405893165941
P41279,1.138735471955073,0.03508527056406162
ENST00000609590.2,2.569942994142559,0.03508601588002047
Q5T124,1.5321583569457633,0.035147533031476344
P23458,1.5440812396612782,0.035188671673020956
A0A075B700,1.7521416673466064,0.0351971708717889
C9JH16,1.3787654917438512,0.03529482494878148
ENST00000687172.1,1.2426678842432528,0.03539744134404931
P52803,1.53882279296246,0.035413724930116054
Q9Y2P0,1.9507511705445846,0.03544859021152049
ENST00000426194.1,3.833505383354951,0.03551038782615304
ENST00000592543.5,2.2891772430209616,0.03551073205058125
Q6QAJ8,1.3331983272423713,0.03551248050636193
ENST00000530976.1,2.09205391434137,0.03583970743126547
ENST00000477618.1,4.38463959048887,0.03589544811041691
ENST00000692682.1,1.3535869130194045,0.03598048350283216
P48060,1.0906494292370097,0.036026210267595116
ENST00000702750.1,2.01927468218204,0.036026210267595116
ENST00000553754.1,1.9767211973739032,0.03646511126527527
ENST00000591459.1,2.904204408305831,0.03646511126527527
Q9ULC5,2.5524033136473983,0.036583111484564945
ENST00000562590.5,1.2167075016688482,0.036583111484564945
Q9UL62,1.1045317551902247,0.036636888574157644
ENST00000484909.5,1.3696764034660982,0.03664476855166007
ENST00000624541.1,1.4884580255108137,0.03672624140099187
Q9BV23,1.1953257398632042,0.03672864773645697
ENST00000491824.1,1.5701597141063544,0.037016757354878915
ENST00000696946.1,1.9880092853298628,0.037032011033739
ENST00000581616.2,2.5959996442141304,0.037103706577872694
F5H4X8,1.4592794549239376,0.037270225783308665
ENST00000468385.1,1.3358274035074245,0.037296115018183154
ENST00000589652.1,2.6913500971050985,0.03734920630853113
ENST00000663562.1,1.9936488013576068,0.03739278469524799
ENST00000467647.1,2.630576385999761,0.03739278469524799
ENST00000580577.3,2.21561617679256,0.03739278469524799
Q6NSI4,1.743176782665751,0.03739278469524799
ENST00000480493.1,1.2106112570728065,0.037492223806074726
ENST00000648011.3,1.8540592899098893,0.03755011076459047
F5GYX3,2.5154604553654902,0.03755011076459047
ENST00000515343.1,1.61014236184837,0.03755011076459047
ENST00000492916.5,2.645043686913748,0.03757617970952872
ENST00000654657.1,3.036876252925011,0.0378477130585832
ENST00000706707.1,1.022318178730337,0.03788571466883391
ENST00000490496.3,1.6652924934512479,0.03800596425618732
ENST00000623889.1,2.821015190032657,0.03800596425618732
ENST00000491458.1,1.2826065192679987,0.03803194995855307
ENST00000526137.1,1.772359550063788,0.03803194995855307
E7ERE6,2.247442065096914,0.03812107346751177
ENST00000474467.1,1.643372089947989,0.03818265521852945
Q9BY19,3.926300707779369,0.038184953497860954
ENST00000667452.1,1.7358710938876365,0.03834690900118695
ENST00000642565.1,2.9403490491578856,0.038641606598080476
ENST00000437930.4,1.4238365522137746,0.038796586993211694
ENST00000468400.1,1.3768123282856517,0.03886406671899907
O95600,1.765036381267728,0.03902993773375293
ENST00000519730.1,1.7701123872028264,0.03931721186195699
ENST00000619068.1,2.3424407532672715,0.03936067155500353
Q92583,2.7047941928062205,0.0395308281863826
ENST00000555656.5,1.072579161697616,0.03957048642604845
Q8N228,1.6927434864196627,0.03957048642604845
ENST00000550404.1,1.1644012918176785,0.03957452587640176
ENST00000583148.1,5.320301871781493,0.03963910936071674
ENST00000589192.5,1.838750052389098,0.03963910936071674
ENST00000493033.1,2.3359696538048733,0.03980241016072829
ENST00000561803.5,1.408856447839018,0.0398073326742757
ENST00000391437.2,1.6877802152312384,0.03981592612838693
ENST00000699744.1,1.725001461344989,0.03981592612838693
ENST00000445838.1,2.9300877405126324,0.040216262237084056
Q93045,3.7941338959691038,0.040260655974776204
A0N4Z8,1.5421467908450992,0.040525149809298805
ENST00000588424.1,2.9392298578354072,0.0406415973769438
G3V5F7,1.6925886803704677,0.040882827094822854
F5H835,2.6849448497190105,0.041102353713442764
K7ES98,1.8140107796568075,0.041142006247284924
ENST00000474137.1,1.4892000361316033,0.041142006247284924
Q8WWQ8,1.814101576700611,0.04131718442510449
ENST00000492288.1,1.4656984486141242,0.04154033946467908
A0A075B7D4,3.7414624209395533,0.04156823871992584
ENST00000525582.1,1.333651750298728,0.04177885647896367
Q9NWD9,1.369134756582422,0.04178113081184941
O43745,5.079742918015349,0.0418129572221325
Q8IV77,4.539930506077343,0.041982249126357375
A0A0J9YWB2,1.8807642807219587,0.041982249126357375
ENST00000519610.1,1.4239305925062082,0.04198818824260624
ENST00000496877.1,2.9679649575970655,0.042090320274959646
ENST00000429730.2,2.124568152169235,0.04214663803986862
ENST00000702115.1,2.89009100289509,0.04214663803986862
ENST00000602172.1,1.115413940862966,0.042253437090705157
ENST00000505312.5,2.1061245149228407,0.042303738573279896
K7ELP1,1.3629750116101043,0.042497977006526834
ENST00000584875.1,1.8375937052779352,0.04251747254977678
ENST00000477171.1,1.5094618041867849,0.04251747254977678
H0Y9M6,1.4026935723903742,0.04251747254977678
ENST00000440748.1,1.7418073747465954,0.04252986015144512
Q9NPH9,2.1737361968636715,0.042539541457586406
ENST00000513921.1,1.2071056121838082,0.04256639076279861
ENST00000683454.1,1.1425424267406192,0.04261012109553329
ENST00000422983.1,2.4076850635574263,0.04274031116097157
ENST00000688550.2,2.9855070934714822,0.04294323526292529
ENST00000613291.1,1.8006968010947002,0.04316361993534316
I3L148,1.9015080502701003,0.04316361993534316
A6H8M9,5.736129154813741,0.04316361993534316
A2A3L6,2.34434857427466,0.043218538705923244
ENST00000493247.1,1.2509274852278285,0.043250060434623205
ENST00000495990.5,2.0078446203220133,0.04329586576937867
ENST00000436201.1,2.2943377076662106,0.043324150229983344
ENST00000483035.5,1.8014825837506772,0.04349765603307847
A0A075B6V1,1.6575546797744032,0.04365813890476459
Q5H9E4,1.4248999967163727,0.04369290510587542
Q9BQF6,1.0657413420898147,0.04372535202044251
O94812,2.1058892580757207,0.04374056567743112
ENST00000665808.1,2.044633911711537,0.0437627553121269
Q11130,2.1598539044896308,0.0438171573959054
ENST00000634222.1,1.2220717409769042,0.044017518167793895
ENST00000623969.1,1.1731040915150384,0.04421996691411006
ENST00000703916.1,1.295520385315482,0.04429533701070838
ENST00000476408.1,1.683413220753862,0.04441318113169197
ENST00000666760.1,1.528030149158635,0.044427006786068736
A0A075B6Z1,1.5794782849804039,0.04443109108366874
ENST00000401596.1,3.5954053487751754,0.044639672763953836
Q9UI08,1.0288455910492322,0.04471827528579703
Q8N3T6,3.627222650413554,0.04479654781128139
ENST00000381645.7,1.0070881843868345,0.04486127902579805
ENST00000660178.1,3.2044418038131863,0.04498484234187565
ENST00000663159.1,1.378351674844654,0.0450257398122092
ENST00000607850.1,1.294540856647429,0.04506619280946557
A0A087X038,1.646435286654847,0.0452444144913996
ENST00000600723.1,1.399813820147088,0.045271539084339146
ENST00000579033.1,1.747583724008725,0.04545259179989387
ENST00000373845.6,1.441878835828055,0.04545613596682093
ENST00000490435.5,1.8732894726548877,0.04545664367915925
ENST00000530982.7,2.196222632456769,0.045507207242923994
A0A1B0GWD8,3.1933692842226433,0.045507207242923994
ENST00000487195.5,1.6524487703712911,0.04556637322952547
H7C3P3,2.5150423593118942,0.04556637322952547
ENST00000551438.5,3.0496307962885174,0.04559981498567025
ENST00000466287.1,1.5822140135145157,0.04562943732326024
Q9Y2D5,2.201343829429882,0.04564405486347419
O00587,1.649299514144904,0.04569764048703681
ENST00000697563.1,1.8555937010320862,0.04571115550044814
ENST00000551844.1,1.640532173364814,0.04578100649922213
C9JYP1,1.6535409802925238,0.04579682660929005
ENST00000589246.1,1.4071791379348013,0.04579682660929005
F8WAV9,1.5278255967734569,0.04579682660929005
ENST00000493254.1,1.409187618901709,0.04579682660929005
Q9HCI5,1.680176808053401,0.045841559968350945
Q9C0K0,1.2303702490287043,0.04589743802175293
ENST00000563957.6,1.5943700257494187,0.04592526525117157
ENST00000485049.1,1.8809866492484175,0.04599930046355525
ENST00000415440.3,1.339168335867749,0.046088390288580354
Q8N0U7,3.960626912794946,0.04610204587580366
P59044,2.102901944233774,0.04612292975588832
Q86VD7,1.147594304487252,0.04613447664749235
O14862,1.5783720399362187,0.046170611665221024
ENST00000515666.5,1.4380488564509184,0.04617867126308887
A0A2R8Y4B4,3.690566599617546,0.04618214723970818
ENST00000465522.5,1.7784882026791362,0.04618214723970818
ENST00000546704.1,1.589098317767942,0.046208070226814356
ENST00000466565.1,1.076093786627834,0.04634567464477368
ENST00000455209.5,1.1313743753920098,0.046560690171195275
ENST00000481194.1,1.23379842969783,0.04665555802194524
ENST00000692082.2,1.0359856661161984,0.04672482405835964
ENST00000415977.1,1.3642600964709597,0.04672482405835964
ENST00000691141.2,1.939299883190382,0.046796298843459885
ENST00000652155.1,2.3218282900496376,0.04697645398073431
Q96P31,2.308914642416091,0.047071533589296506
ENST00000444503.1,2.982312935862639,0.047071533589296506
ENST00000530671.1,2.237326772694827,0.047115194282802156
ENST00000565053.1,1.9740735179879851,0.047115194282802156
Q8N3A8,1.1508170935710247,0.04717875471382123
Q92753,1.5621379666885995,0.047233753396391305
A0A075B6Z0,1.4826486227582474,0.047307536615065614
ENST00000536584.1,1.2135081831847714,0.04738804976741118
ENST00000514158.6,2.3863310891150338,0.04748505445821092
ENST00000665302.1,1.1778721769253109,0.047591311382891584
A0A075B6Z3,1.5030342292897807,0.04770131703591259
ENST00000486097.1,1.9134392500960005,0.04770813389138519
ENST00000506465.2,1.1074015009831775,0.04780088894227341
A0A0A0MT99,2.0261101446110534,0.047879170055152055
ENST00000542761.5,1.8330506359119194,0.04792405752327134
ENST00000684447.1,1.1533254098829255,0.0480619470477701
ENST00000513546.3,1.273964353754918,0.0480619470477701
ENST00000449200.1,1.3152856143588343,0.0480619470477701
ENST00000665612.1,3.3284218219843407,0.048102621874596865
ENST00000698101.1,1.4861506221969367,0.048179630692951884
ENST00000487016.1,1.4002084013749803,0.048179630692951884
Q9BXC1,1.2085286856431081,0.04822877592048833
ENST00000570198.2,2.3139626547995418,0.04823234608651266
ENST00000698867.1,1.4627569043229787,0.04835836790862186
ENST00000512665.5,1.5833198691013028,0.04841817818106201
ENST00000559348.5,1.8251526107252083,0.04859619262652551
ENST00000551721.1,1.0867802041664376,0.048598059307593755
Q6S5H5,3.656910209825689,0.048625167407309614
ENST00000685750.1,1.750050406788711,0.04872974009613718
ENST00000543928.5,2.094509605531334,0.048866305492287765
ENST00000471959.2,1.708845112448408,0.048869316003547714
F8WC95,1.3179087918841934,0.048869316003547714
A0A087X096,1.4458400486695036,0.048887659077021306
ENST00000500323.2,2.211747432156812,0.04896476915115942
ENST00000466136.1,1.63341451923363,0.04897028274121633
ENST00000483427.1,1.6024001215113646,0.04899838598570832
ENST00000575513.1,1.246458727509572,0.04908219580743772
ENST00000598302.1,3.5328353654514015,0.04908219580743772
ENST00000492525.1,1.6550835632584595,0.04908219580743772
Q5JR98,1.4855427395367147,0.04917752418911758
ENST00000511484.1,1.8555558083413533,0.04917752418911758
P0C6S8,2.2964456288981956,0.049345377649420735
A0A0C4DGT3,1.9387195572849136,0.04941044076778293
ENST00000517569.1,1.877572689652333,0.04943580591473012
ENST00000624058.1,1.5206762508535463,0.04949836796506579
ENST00000548051.1,2.2446750347512907,0.04949836796506579
A0A6Q8PGJ9,1.8108991537800436,0.04953767250550237
Q8IVW8,1.4578737221530345,0.04953767250550237
ENST00000416624.6,2.4718355181435068,0.04970992724070684
ENST00000635926.1,5.402872300888585,0.049782104022545
ENST00000698702.1,1.2610934492825485,0.0498303625407925
ENST00000440018.1,1.6220924540705826,0.0498303625407925
ENST00000491627.1,2.478668969244245,0.04988055722863757
ENST00000696525.1,1.663142585661556,0.04989572285550678
F5GWH8,1.117793388536849,0.04995871257415419
